variable,mean_importance,sd_importance
std_delta_delta_log_energy,0.016322386301098644,7.333465323542732e-4
std_delta_log_energy,0.01418471328379965,5.681753554233855e-4
std_9th_delta_delta,0.011426887961392542,5.021121199276085e-4
tqwt_tkeo_mean_dec_12,0.009723821790467288,4.7919873401012044e-4
tqwt_tkeo_std_dec_12,0.00823071740962575,3.221603578789191e-4
tqwt_energy_dec_27,0.007916281766842108,3.233775330740273e-4
tqwt_tkeo_std_dec_13,0.007249303431086254,3.791196783036004e-4
tqwt_entropy_shannon_dec_12,0.007133733895684449,2.739003221883707e-4
loc_abs_jitter,0.007060307221659563,4.4823827900734284e-4
std_7th_delta_delta,0.006889894294623937,2.6834312835882085e-4
tqwt_entropy_log_dec_12,0.006659568362752614,2.747299325745176e-4
ddp_jitter,0.00611823951379392,3.284415311428987e-4
tqwt_std_value_dec_12,0.006007409974722987,2.62430105788203e-4
tqwt_std_value_dec_13,0.005807779274759618,2.4860642398366736e-4
tqwt_tkeo_mean_dec_13,0.00558990057146505,2.2717956649666603e-4
tqwt_energy_dec_26,0.0051900492346770724,2.1645177699363511e-4
tqwt_entropy_log_dec_27,0.005120226370058089,3.0737725712496353e-4
apq11shimmer,0.004926085261400632,2.689407022580919e-4
loc_pct_jitter,0.004916869634371063,2.7574134248757907e-4
rap_jitter,0.00472246601146601,1.2534750859111347e-4
tqwt_kurtosis_value_dec_26,0.004609315098884422,3.2159415457364666e-4
ppq5jitter,0.004505477730653696,1.2774476441341104e-4
mean_mfcc_2nd_coef,0.004326428018934314,2.575605096626987e-4
tqwt_entropy_log_dec_35,0.004254263246246361,2.803024346930423e-4
tqwt_max_value_dec_11,0.0042502879786992616,2.064592090545918e-4
tqwt_entropy_log_dec_11,0.0042246093179005555,1.63165571694044e-4
tqwt_std_value_dec_11,0.004206847920965143,1.6522471008841122e-4
std_9th_delta,0.00393118933356861,2.0622987864197989e-4
tqwt_entropy_log_dec_26,0.003909644802311067,1.603579299187709e-4
tqwt_entropy_shannon_dec_11,0.003907080604332271,1.4548130376585818e-4
std_7th_delta,0.003841268935943335,2.0406283305340187e-4
tqwt_tkeo_std_dec_11,0.0037158573312680034,2.0643728607778927e-4
std_6th_delta_delta,0.003682568409661981,2.815888269986734e-4
tqwt_max_value_dec_13,0.0036253038105381295,1.7426426941051734e-4
tqwt_entropy_log_dec_13,0.0036045013854889246,1.7246519270931748e-4
tqwt_max_value_dec_12,0.003590705694158017,1.4923665500170516e-4
tqwt_min_value_dec_13,0.0035476818072727088,1.6295318329890193e-4
tqwt_tkeo_mean_dec_26,0.003489018492315459,1.982204446754854e-4
dfa,0.0032066491404816964,1.2148742815327642e-4
tqwt_min_value_dec_12,0.0029881023136926516,1.9999811334740495e-4
tqwt_entropy_shannon_dec_13,0.0029488483701844664,1.6144037555054016e-4
tqwt_tkeo_std_dec_19,0.0028080074504350564,1.6121004787200916e-4
std_8th_delta_delta,0.0027544763627939334,1.7772786783398293e-4
mean_period_pulses,0.00265671715681939,1.2190887296192052e-4
tqwt_energy_dec_12,0.0026164076441206295,2.2262452210643492e-4
std_10th_delta_delta,0.0025852347732122603,1.2287878133079307e-4
tqwt_kurtosis_value_dec_34,0.002561095728094117,1.9748937963613364e-4
tqwt_entropy_log_dec_34,0.002509809601980035,1.332027084586402e-4
tqwt_tkeo_mean_dec_7,0.002455898901449234,8.436890519679593e-5
app_lt_tkeo_mean_8_coef,0.002419130456575114,9.353464711525216e-5
tqwt_std_value_dec_27,0.0024182712329869327,1.4264118769808027e-4
tqwt_kurtosis_value_dec_17,0.002366687817659354,1.5604283725629517e-4
tqwt_entropy_shannon_dec_26,0.002292521426726604,1.0115050523827885e-4
std_log_energy,0.0022307955096644103,9.101857550231051e-5
num_pulses,0.0022290019482646547,1.3328563981996513e-4
tqwt_std_value_dec_35,0.0022227687459615043,9.206889405213171e-5
min_intensity,0.002213441383452032,9.736907716904814e-5
tqwt_entropy_shannon_dec_33,0.0021925155797391555,1.4945612354848217e-4
tqwt_std_value_dec_26,0.0021820814845301935,1.4457888332191499e-4
tqwt_min_value_dec_11,0.002168432290776518,9.752321123786449e-5
std_6th_delta,0.0021540779231235853,1.428271807646267e-4
tqwt_entropy_shannon_dec_35,0.002058730837637984,1.4691858139601535e-4
rpde,0.0020241639523945277,9.587913566563173e-5
tqwt_kurtosis_value_dec_27,0.0019937873127955493,1.1653945744470105e-4
tqwt_entropy_log_dec_33,0.0019739498157133805,1.4695369530962535e-4
tqwt_std_value_dec_33,0.001942985570537684,0.00013715298194702503
tqwt_entropy_shannon_dec_34,0.0019421621754898719,1.0974772995130825e-4
tqwt_kurtosis_value_dec_18,0.0019420586265956278,1.3185943473095378e-4
tqwt_energy_dec_25,0.0019168569863238544,1.0523770843932583e-4
std_11th_delta,0.0018932724123489507,7.376604338005875e-5
app_lt_tkeo_std_8_coef,0.001845875983482814,9.088158545147849e-5
tqwt_entropy_shannon_dec_27,0.0018287187386812269,1.1128809743921262e-4
tqwt_tkeo_mean_dec_27,0.0018213765735888361,9.801628357238643e-5
tqwt_tkeo_std_dec_7,0.0016767733512693804,8.493393195887088e-5
mean_mfcc_3rd_coef,0.0016674765782452986,8.219668733900746e-5
tqwt_energy_dec_11,0.001662066226964147,9.063124399530827e-5
app_lt_entropy_log_9_coef,0.001648401211801915,7.947350024549566e-5
app_lt_tkeo_mean_5_coef,0.0016428917874807653,7.045566990603325e-5
std_10th_delta,0.0016343567105623947,8.979143390981838e-5
std_4th_delta,0.0016326825202811572,1.6224286045158997e-4
tqwt_kurtosis_value_dec_12,0.0016277712592002367,7.981409315748348e-5
mean_mfcc_6th_coef,0.0016263828831110032,1.496858323514748e-4
std_8th_delta,0.001626203450410529,8.09693500840498e-5
tqwt_mean_value_dec_11,0.0016031228848180726,7.923520456143503e-5
std_11th_delta_delta,0.0016022511316920438,8.827421771056929e-5
tqwt_tkeo_mean_dec_11,0.0016007816896145093,9.036345467194761e-5
num_periods_pulses,0.0015853263527090193,9.861097462349064e-5
std_4th_delta_delta,0.0015373647588649512,1.3219701130090132e-4
tqwt_energy_dec_6,0.0015263527852271577,9.076372870954575e-5
tqwt_tkeo_std_dec_26,0.0015229979839068437,9.934461746476538e-5
tqwt_entropy_log_dec_17,0.0015048448329384966,1.2177304333363951e-4
tqwt_kurtosis_value_dec_20,0.0014533336401013877,8.494968190368733e-5
mean_mfcc_5th_coef,0.0014461861114047122,8.569000766608246e-5
mean_2nd_delta,0.0014150470127381445,1.0552086474168275e-4
mean_mfcc_1st_coef,0.0014149733417840944,9.021897216979308e-5
tqwt_entropy_shannon_dec_1,0.0013975566222543124,1.1334707310121551e-4
tqwt_std_value_dec_7,0.0013847515286397227,8.224270156442333e-5
app_lt_tkeo_std_9_coef,0.0013798718382303477,7.853099233909234e-5
tqwt_tkeo_mean_dec_16,0.0013783988412311445,6.673128226403134e-5
app_lt_tkeo_mean_4_coef,0.0013488800596490127,8.093347902563447e-5
mean_intensity,0.0013348512504943071,8.258346352244351e-5
ed_3_coef,0.0013309436526262306,7.151533266540139e-5
tqwt_kurtosis_value_dec_29,0.0013280917283865206,1.6382766157408267e-4
std_dev_period_pulses,0.0013166697234843932,8.436927774147854e-5
tqwt_kurtosis_value_dec_16,0.0013039587809930394,1.1312584072977283e-4
tqwt_std_value_dec_36,0.001301646920803515,1.0109182038759023e-4
det_tkeo_mean_1_coef,0.001299582828325337,9.072054372248256e-5
tqwt_entropy_log_dec_16,0.0012956653045055194,6.947615341077933e-5
tqwt_kurtosis_value_dec_35,0.0012935982925090807,8.120190940620953e-5
mean_mfcc_10th_coef,0.0012830208315856276,7.935107917985581e-5
tqwt_std_value_dec_18,0.0012729721817905475,7.491957111305251e-5
app_lt_entropy_shannon_1_coef,0.0012702764078575686,7.687290288605586e-5
app_lt_tkeo_mean_9_coef,0.0012667574445521643,5.280501112256185e-5
tqwt_max_value_dec_26,0.0012627538055557822,6.769574079818683e-5
tqwt_entropy_log_dec_1,0.0012581308434384067,7.783067279992667e-5
tqwt_std_value_dec_25,0.0012360858793292197,6.655478028690124e-5
tqwt_tkeo_mean_dec_33,0.0012358309858934355,6.869729382047352e-5
tqwt_max_value_dec_6,0.0012271541711016383,1.1016579153469518e-4
tqwt_min_value_dec_7,0.001222101542812745,6.25367273294084e-5
app_entropy_log_2_coef,0.0012196584670721472,6.027166301741788e-5
tqwt_tkeo_mean_dec_19,0.0012070177459511337,7.066591250876206e-5
tqwt_max_value_dec_36,0.00119221563424519,1.1623978725815134e-4
tqwt_skewness_value_dec_27,0.0011890001214046762,1.2565547153100493e-4
app_lt_entropy_log_1_coef,0.001186906003112702,6.550203468706744e-5
tqwt_std_value_dec_6,0.0011836381583798623,6.618242856187541e-5
tqwt_energy_dec_16,0.001183526961241465,6.593602332603261e-5
tqwt_mean_value_dec_36,0.0011681670299585208,8.794795598198527e-5
std_mfcc_7th_coef,0.001167293576211181,7.474939085576056e-5
app_entropy_log_5_coef,0.0011648765047178474,5.504425435734871e-5
app_lt_tkeo_std_10_coef,0.00115575533521973,6.1828262008098e-5
tqwt_entropy_shannon_dec_17,0.0011554023927553459,6.031257956671405e-5
tqwt_std_value_dec_19,0.0011455777807993987,6.02652161628101e-5
tqwt_max_value_dec_27,0.001140246664616302,6.966178470094239e-5
loc_db_shimmer,0.0011402338811186382,7.63019689030015e-5
app_lt_entropy_shannon_4_coef,0.0011386423462699021,4.943423597619011e-5
std_mfcc_4th_coef,0.0011385470653895817,7.774964523847134e-5
tqwt_tkeo_mean_dec_34,0.0011383200172988186,7.004262789723199e-5
tqwt_std_value_dec_34,0.001137255547404928,6.487626424106805e-5
std_12th_delta_delta,0.001134123850049792,8.705116470187726e-5
tqwt_energy_dec_18,0.0011260801346746057,9.188886597081789e-5
tqwt_entropy_log_dec_19,0.0011124597116616431,6.845160058398466e-5
tqwt_tkeo_mean_dec_6,0.0011089245626422462,6.759675174535552e-5
app_entropy_shannon_3_coef,0.0011043578716425388,5.283302428007996e-5
app_lt_tkeo_std_7_coef,0.0011014970342557678,5.500554496727235e-5
imf_nsr_tkeo,0.0010954392679113376,7.48880091521346e-5
tqwt_tkeo_std_dec_16,0.0010915314282726701,6.788080169540272e-5
app_entropy_shannon_1_coef,0.0010884727088560013,6.688001599974662e-5
tqwt_kurtosis_value_dec_31,0.0010884142224102395,1.349632658882922e-4
app_det_tkeo_mean_9_coef,0.0010873375380686945,5.5552659286664696e-5
det_lt_tkeo_mean_1_coef,0.0010803611190426017,7.156397928154373e-5
app_entropy_log_1_coef,0.0010716885871375158,4.967130534516165e-5
tqwt_entropy_shannon_dec_19,0.0010648346567048677,7.40358989808669e-5
tqwt_entropy_shannon_dec_16,0.0010562042704446936,6.615183869577931e-5
tqwt_kurtosis_value_dec_36,0.001051159034877355,6.285786944341753e-5
std_12th_delta,0.001045960836649709,5.9912746439545656e-5
tqwt_entropy_log_dec_31,0.0010349791496630412,5.89384517843032e-5
app_entropy_log_3_coef,0.0010324615468910777,4.234197782065517e-5
tqwt_tkeo_std_dec_5,0.001029678240951304,9.71472832365422e-5
tqwt_median_value_dec_34,0.001023501708098176,7.243717170671422e-5
vfer_entropy,0.0010212202834559735,6.9619028639311e-5
ed2_3_coef,0.0010202279070904911,5.447074655000061e-5
app_lt_entropy_log_3_coef,0.0010197761855335727,7.251001465896986e-5
app_lt_entropy_log_8_coef,0.0010159960333290695,6.89317632551531e-5
tqwt_min_value_dec_26,0.0010080971406301227,5.067901520841276e-5
tqwt_energy_dec_1,0.0010008067746350977,8.47901819543971e-5
max_intensity,9.946222998433961e-4,6.419685535189456e-5
tqwt_mean_value_dec_5,9.94140212992285e-4,4.917852458128962e-5
tqwt_std_value_dec_32,9.91080627471785e-4,5.095723633593347e-5
tqwt_tkeo_mean_dec_35,9.88109802809924e-4,6.375115599233439e-5
tqwt_kurtosis_value_dec_23,9.877769264401458e-4,7.378849165452893e-5
loc_shimmer,9.862365260441654e-4,7.225907420274761e-5
tqwt_kurtosis_value_dec_28,9.826153064006068e-4,8.480325604817222e-5
app_lt_entropy_log_2_coef,0.00098062147895698875,5.873963089478764e-5
tqwt_kurtosis_value_dec_24,9.799765674243007e-4,9.374610503773543e-5
app_lt_entropy_log_6_coef,9.764400720348401e-4,4.1846170703053966e-5
tqwt_skewness_value_dec_26,9.749564378055369e-4,6.606246753843481e-5
app_det_tkeo_mean_8_coef,9.724145309574779e-4,5.310636840364645e-5
tqwt_skewness_value_dec_25,9.592392996444528e-4,6.864173803999066e-5
tqwt_entropy_shannon_dec_36,9.575735549574529e-4,7.229817883095943e-5
std_2nd_delta,9.520531565548607e-4,7.046132456659223e-5
gq_std_cycle_open,9.494377036968542e-4,5.901853777113748e-5
tqwt_tkeo_std_dec_14,9.477550715291607e-4,7.144037589895421e-5
tqwt_mean_value_dec_13,9.442078326405337e-4,5.663047321566964e-5
tqwt_tkeo_mean_dec_14,9.422557705265919e-4,5.975449165358566e-5
tqwt_median_value_dec_33,9.420064888955509e-4,6.865727030450449e-5
b1,9.385366061598179e-4,6.519516377012466e-5
app_entropy_shannon_7_coef,9.362832309238403e-4,4.319743003311043e-5
tqwt_entropy_log_dec_7,9.359550904656491e-4,5.664745744467265e-5
tqwt_tkeo_mean_dec_8,9.31992151095544e-4,7.460543196870303e-5
app_lt_tkeo_std_5_coef,9.255762852769701e-4,6.255417908742326e-5
tqwt_entropy_shannon_dec_32,9.238582220625577e-4,6.783503116993281e-5
tqwt_energy_dec_34,9.231210583218978e-4,5.4301495508435824e-5
apq3shimmer,9.212434836396424e-4,5.6898685676410964e-5
det_lt_tkeo_std_3_coef,9.189085642761701e-4,5.6131371781346e-5
tqwt_median_value_dec_31,9.081791375694324e-4,6.767192716698432e-5
app_tkeo_std_10_coef,0.00090467851108582385,4.664222647748863e-5
gne_mean,9.014042868595558e-4,6.715665016472633e-5
tqwt_mean_value_dec_34,9.009705419420881e-4,9.420307483358012e-5
det_lt_entropy_log_1_coef,9.002990704169837e-4,4.979527091818203e-5
app_lt_tkeo_mean_3_coef,8.968300332880435e-4,4.507759880706937e-5
tqwt_max_value_dec_5,8.932388984452302e-4,6.13609878427865e-5
tqwt_energy_dec_14,8.928889883843239e-4,5.7436478410264234e-5
app_det_tkeo_mean_10_coef,8.868366104011145e-4,5.5930554229090195e-5
tqwt_median_value_dec_16,8.842695739415976e-4,3.844908868870233e-5
app_entropy_shannon_5_coef,8.821519895886713e-4,5.1509069652642e-5
tqwt_mean_value_dec_18,8.806786101909789e-4,5.8506246810834396e-5
tqwt_mean_value_dec_12,8.754541013665313e-4,4.918745124598546e-5
tqwt_median_value_dec_25,8.743358507700456e-4,7.782542713429032e-5
tqwt_entropy_shannon_dec_6,8.687104075982383e-4,5.284296904703007e-5
tqwt_entropy_shannon_dec_5,8.659283124455588e-4,7.723309131987462e-5
apq5shimmer,8.653724803783844e-4,4.9370031323035464e-5
std_mfcc_12th_coef,8.611641277603277e-4,5.704407225604617e-5
tqwt_min_value_dec_6,8.570603321088452e-4,5.182422236664557e-5
tqwt_energy_dec_13,8.546176262237012e-4,4.622044372345745e-5
tqwt_tkeo_std_dec_9,8.52616039228525e-4,4.486437715268447e-5
tqwt_kurtosis_value_dec_25,8.482957832479905e-4,6.856149312481172e-5
b2,8.481124166971153e-4,8.582602131026196e-5
tqwt_std_value_dec_1,8.464850495631769e-4,6.424642366363887e-5
tqwt_energy_dec_33,8.463378535215926e-4,7.799349023956396e-5
app_lt_tkeo_mean_7_coef,8.454336741794047e-4,4.189067265990124e-5
tqwt_tkeo_std_dec_18,8.45025300896251e-4,7.376777944939745e-5
tqwt_std_value_dec_17,8.449377521517905e-4,5.435069318979198e-5
app_entropy_shannon_4_coef,8.447284931656825e-4,5.370768294480076e-5
tqwt_energy_dec_15,8.423769749777577e-4,5.9622492338011146e-5
tqwt_entropy_log_dec_9,8.407775190246694e-4,5.254899272595487e-5
tqwt_skewness_value_dec_28,8.35623690587107e-4,9.326700066512358e-5
tqwt_kurtosis_value_dec_33,8.349461229953293e-4,7.96235198105351e-5
tqwt_mean_value_dec_17,8.345194775068315e-4,6.281606514916143e-5
app_lt_entropy_log_10_coef,8.277838513866502e-4,4.017773003078369e-5
tqwt_tkeo_std_dec_6,8.277003514665364e-4,6.360293646164055e-5
tqwt_tkeo_std_dec_27,8.254113623285311e-4,5.200396643671106e-5
std_5th_delta,8.237073908077865e-4,5.2596962561923217e-5
tqwt_median_value_dec_22,8.219398111860262e-4,3.491219972785915e-5
app_entropy_shannon_2_coef,8.19955515505443e-4,4.255739195819483e-5
tqwt_min_value_dec_14,8.195038699025546e-4,5.0445139358298944e-5
tqwt_entropy_log_dec_32,8.160671972561172e-4,5.837376878995154e-5
std_5th_delta_delta,8.147938605038449e-4,4.415581801686493e-5
tqwt_entropy_shannon_dec_7,8.122403976537629e-4,4.4597374039148186e-5
app_lt_tkeo_mean_10_coef,8.112887338738234e-4,4.61796861135748e-5
std_mfcc_8th_coef,8.102206979784645e-4,5.6906559421098414e-5
tqwt_std_value_dec_9,8.063381426409576e-4,5.403334627981852e-5
tqwt_median_value_dec_12,8.058002582462518e-4,6.0370889682360335e-5
tqwt_std_value_dec_5,8.048815794017864e-4,5.207664569482505e-5
det_lt_tkeo_std_1_coef,7.989215890599484e-4,8.406907837406822e-5
app_lt_tkeo_mean_2_coef,7.955342834682323e-4,4.737553227585747e-5
tqwt_entropy_log_dec_25,7.86007607742361e-4,5.73903619335231e-5
tqwt_skewness_value_dec_8,7.834300929544276e-4,7.107130966574941e-5
tqwt_max_value_dec_10,7.832420205797298e-4,6.544495293890668e-5
app_tkeo_std_9_coef,7.802215771765138e-4,4.585349215784734e-5
app_entropy_shannon_8_coef,7.757914628422631e-4,3.5533726477572245e-5
imf_snr_entropy,7.74224649111568e-4,7.056147423373502e-5
mean_0th_delta,7.739725443337478e-4,5.936445037039259e-5
tqwt_min_value_dec_17,7.68865278813643e-4,6.634452656591545e-5
det_lt_entropy_shannon_3_coef,7.686351101068988e-4,4.312174833913407e-5
tqwt_tkeo_std_dec_17,7.675564418138823e-4,4.491015931208e-5
mean_noise_to_harm_harmonicity,7.660084767419554e-4,4.1268159120214596e-5
std_3rd_delta_delta,7.64259698631827e-4,5.069400718463552e-5
std_2nd_delta_delta,7.641658451745301e-4,6.894479862929666e-5
app_lt_tkeo_mean_6_coef,7.619045662876277e-4,3.961968391947718e-5
tqwt_energy_dec_35,7.587301420735604e-4,6.352987410468328e-5
tqwt_tkeo_mean_dec_5,7.578461413001626e-4,6.857080216136651e-5
det_tkeo_std_1_coef,7.569196702280993e-4,6.7145979899382e-5
tqwt_median_value_dec_36,7.548464785558796e-4,6.753070065222397e-5
app_entropy_shannon_6_coef,7.535224868986787e-4,3.59223605654605e-5
app_lt_tkeo_std_4_coef,7.515919330450696e-4,5.259496916234719e-5
app_det_tkeo_mean_4_coef,7.512676677352473e-4,3.427406066702475e-5
tqwt_tkeo_mean_dec_17,7.483377830638826e-4,5.181136465214553e-5
tqwt_min_value_dec_10,7.475378503735182e-4,5.1536544414811405e-5
tqwt_median_value_dec_19,7.418272753897505e-4,5.302024467238949e-5
tqwt_mean_value_dec_7,7.417016939997254e-4,6.061290841202103e-5
tqwt_tkeo_mean_dec_32,7.385043692053525e-4,4.9108911397426446e-5
tqwt_kurtosis_value_dec_32,7.380048981741314e-4,9.179132465076825e-5
tqwt_energy_dec_7,7.366187418871804e-4,5.599386465929191e-5
gne_std,7.352240384109536e-4,4.562682699898897e-5
mean_harm_to_noise_harmonicity,7.323560461861172e-4,6.23144667550671e-5
tqwt_kurtosis_value_dec_22,7.292823288580364e-4,3.847681512526526e-5
mean_auto_corr_harmonicity,7.239546479604784e-4,6.618433519325437e-5
tqwt_median_value_dec_13,7.221424194338438e-4,4.734898428812417e-5
app_entropy_log_7_coef,7.169233685456996e-4,3.667105559584509e-5
app_lt_entropy_shannon_2_coef,7.161964664574331e-4,4.9805913817166436e-5
app_lt_entropy_log_4_coef,7.131771476165321e-4,3.236402506579423e-5
tqwt_energy_dec_28,7.115264493274846e-4,3.0362683348838342e-5
det_lt_entropy_log_3_coef,7.114205210769735e-4,4.54698956114079e-5
tqwt_median_value_dec_35,7.075013482028131e-4,5.140276625536885e-5
tqwt_std_value_dec_15,7.052095062889264e-4,4.931427119556165e-5
tqwt_tkeo_mean_dec_9,7.003815248267613e-4,4.331399258517574e-5
tqwt_energy_dec_30,6.952303055692046e-4,5.88790667385556e-5
ed_1_coef,6.940085882132743e-4,5.853208602225298e-5
vfer_nsr_seo,6.920606349977742e-4,4.792589000370346e-5
ed2_1_coef,6.913593269061773e-4,5.195755731052883e-5
tqwt_std_value_dec_31,6.90346420833508e-4,6.747768614890688e-5
tqwt_mean_value_dec_16,6.88308713920997e-4,4.315386295468956e-5
app_lt_entropy_shannon_6_coef,6.854415397462585e-4,3.4916182928582623e-5
tqwt_entropy_log_dec_28,6.836880464559955e-4,4.3995695886964624e-5
app_det_tkeo_mean_5_coef,6.818597226648575e-4,2.333817240107491e-5
gne_nsr_seo,6.786627962815902e-4,4.59039399823353e-5
tqwt_kurtosis_value_dec_21,6.768954825599286e-4,3.339659769673322e-5
tqwt_max_value_dec_34,6.762196668909317e-4,3.297092027038789e-5
std_mfcc_3rd_coef,6.71047876875522e-4,6.180458205443778e-5
tqwt_entropy_log_dec_18,6.695768737082411e-4,4.249680584312761e-5
tqwt_std_value_dec_8,6.620787233256572e-4,5.643415563932007e-5
std_mfcc_10th_coef,6.586580293090385e-4,6.352148993358227e-5
tqwt_entropy_shannon_dec_14,6.557597548707934e-4,2.9588554256669043e-5
tqwt_tkeo_std_dec_34,6.536277646315801e-4,4.623366163032403e-5
tqwt_entropy_log_dec_8,6.523717166510581e-4,3.9913991731514085e-5
std_mfcc_2nd_coef,6.508585477461105e-4,3.946962919565331e-5
tqwt_skewness_value_dec_23,6.469032620534975e-4,7.568792548742149e-5
tqwt_tkeo_std_dec_15,6.443536036093724e-4,4.5236751637844235e-5
tqwt_skewness_value_dec_11,6.438561205486863e-4,3.858230398698395e-5
tqwt_tkeo_std_dec_33,6.421037820974711e-4,3.4354272665942264e-5
tqwt_min_value_dec_18,6.414628348268195e-4,5.1155838596142527e-5
app_entropy_log_4_coef,6.411518281344121e-4,2.905989090742933e-5
ppe,6.408296469478004e-4,6.421809634120101e-5
tqwt_entropy_shannon_dec_28,6.397521817572693e-4,4.442145550437214e-5
tqwt_median_value_dec_7,6.377689059005314e-4,3.990512943386269e-5
tqwt_entropy_shannon_dec_29,6.346856501417268e-4,4.548705979684534e-5
mean_5th_delta,6.3454869001297e-4,8.070747303258708e-5
app_det_tkeo_mean_7_coef,6.342804635727307e-4,3.137481722583612e-5
tqwt_min_value_dec_8,6.324310025613917e-4,3.1279697902720434e-5
tqwt_tkeo_mean_dec_1,6.280023850427026e-4,5.226306486169938e-5
tqwt_max_value_dec_33,6.27222263761896e-4,4.4828820985872084e-5
tqwt_skewness_value_dec_3,6.267922994419293e-4,6.260105169463702e-5
tqwt_max_value_dec_17,6.255441843858172e-4,3.984418213871355e-5
imf_snr_seo,6.236867605626013e-4,4.526399540283979e-5
tqwt_tkeo_mean_dec_25,6.224332699299464e-4,4.004554369230653e-5
tqwt_std_value_dec_16,6.222309496896881e-4,3.0657671222672585e-5
tqwt_median_value_dec_28,6.210601295926864e-4,3.311780483836185e-5
f3,6.207952248180551e-4,3.625055418925849e-5
mean_12th_delta,6.186935768567398e-4,7.25963972756224e-5
tqwt_mean_value_dec_19,6.179874893499723e-4,4.149073080639669e-5
tqwt_tkeo_std_dec_28,6.170143903498963e-4,5.909779690548442e-5
tqwt_entropy_log_dec_14,6.167364686218953e-4,3.648890692643321e-5
app_lt_tkeo_std_6_coef,6.161030391062468e-4,4.300798628413722e-5
app_tkeo_std_6_coef,6.117374597720073e-4,3.841989582135935e-5
det_lt_entropy_shannon_1_coef,6.11064648031198e-4,4.897496110564302e-5
app_lt_entropy_shannon_9_coef,6.103239497967002e-4,3.569717016331464e-5
tqwt_tkeo_mean_dec_36,6.097753126461096e-4,3.0512566332773163e-5
tqwt_median_value_dec_3,6.090584845621948e-4,3.9358949191562675e-5
gne_snr_seo,6.021354887492729e-4,3.333366180389248e-5
tqwt_tkeo_mean_dec_18,6.008623102884982e-4,3.057889636400326e-5
tqwt_max_value_dec_14,5.993619963794042e-4,4.654968069308429e-5
tqwt_max_value_dec_7,5.989239754102029e-4,4.9697280661472465e-5
tqwt_entropy_shannon_dec_9,5.945321855530215e-4,3.806688425222412e-5
tqwt_skewness_value_dec_17,5.911939913967132e-4,5.2026593776995955e-5
app_lt_tkeo_mean_1_coef,5.895470585206028e-4,4.711969289653302e-5
tqwt_std_value_dec_28,5.86976725610946e-4,4.141435268109944e-5
tqwt_entropy_shannon_dec_8,5.817186650097743e-4,3.709068906957154e-5
vfer_snr_seo,5.803175370775968e-4,4.938885229749263e-5
f4,5.786856678600002e-4,4.410423757667373e-5
tqwt_entropy_shannon_dec_25,5.767820103124373e-4,4.520362529745718e-5
tqwt_kurtosis_value_dec_14,5.753126515396936e-4,4.996106535607378e-5
tqwt_std_value_dec_2,5.752528951905992e-4,3.175727849557583e-5
tqwt_entropy_log_dec_15,5.748749375428122e-4,3.418766108459103e-5
app_det_tkeo_mean_1_coef,5.687458032941833e-4,2.7997957806166915e-5
tqwt_min_value_dec_19,5.687241635077113e-4,3.592260547983521e-5
tqwt_skewness_value_dec_9,5.677716421022411e-4,4.0827968412306225e-5
mean_mfcc_12th_coef,5.656175608213792e-4,4.299015352029132e-5
b4,5.625407129980722e-4,4.523289804824679e-5
app_entropy_log_9_coef,5.606805975183456e-4,3.032799722629535e-5
tqwt_mean_value_dec_32,5.59728011055679e-4,3.993904681702685e-5
tqwt_max_value_dec_18,5.596614205207078e-4,5.713217191479016e-5
gne_snr_tkeo,5.588004512473135e-4,3.677181654531617e-5
tqwt_min_value_dec_25,5.575689384746488e-4,5.095764821203086e-5
app_lt_entropy_log_5_coef,5.569438605389552e-4,3.472747010027466e-5
tqwt_min_value_dec_34,5.56505445377947e-4,4.8891290813457235e-5
mean_log_energy,5.55198201500269e-4,4.477183873994746e-5
app_tkeo_std_4_coef,5.549943613282852e-4,3.499993863397202e-5
std_mfcc_6th_coef,5.545574288353097e-4,3.017964894887089e-5
tqwt_kurtosis_value_dec_7,5.535132045317105e-4,2.681433389831102e-5
mean_mfcc_4th_coef,5.513432016240703e-4,3.429508060431006e-5
tqwt_tkeo_mean_dec_31,5.457676823603626e-4,4.4459678309712634e-5
tqwt_entropy_log_dec_29,5.440217540952812e-4,4.466332892678053e-5
app_det_tkeo_mean_3_coef,5.423632159637112e-4,3.257276643808866e-5
tqwt_entropy_shannon_dec_20,5.416718998778034e-4,3.5639912880749883e-05
tqwt_max_value_dec_19,5.39354527071473e-4,4.199251339849684e-5
app_lt_entropy_shannon_3_coef,5.350523849879438e-4,2.8852463717448745e-5
det_tkeo_std_3_coef,5.338591173106906e-4,3.812578412232896e-5
std_mfcc_1st_coef,5.324186179445409e-4,4.064513040961707e-5
tqwt_tkeo_std_dec_31,5.319935889209918e-4,2.9654268830850367e-5
tqwt_skewness_value_dec_15,5.295303902625778e-4,6.621375694416087e-5
tqwt_energy_dec_5,5.280651832518564e-4,3.362911686073871e-5
det_entropy_log_1_coef,5.256732357054336e-4,4.315244200667083e-5
tqwt_mean_value_dec_9,5.239935909796459e-4,3.895268874236109e-5
std_1st_delta,5.236412182322134e-4,3.483660508022375e-5
mean_mfcc_7th_coef,5.224445372307858e-4,4.0979991669105416e-5
b3,5.211588007617893e-4,4.016676820480681e-5
tqwt_std_value_dec_14,5.21080652923173e-4,2.687175672272914e-5
f1,5.202608317841183e-4,3.3585040133812856e-5
tqwt_kurtosis_value_dec_30,5.173188208847471e-4,6.515558080565782e-5
app_tkeo_std_2_coef,5.133024803400698e-4,3.5837525491115014e-5
tqwt_entropy_shannon_dec_22,5.124401662908993e-4,3.9582393158666696e-5
tqwt_min_value_dec_9,5.118525933713796e-4,7.279515134309394e-5
tqwt_skewness_value_dec_24,5.095970128880833e-4,3.932550472771078e-5
tqwt_min_value_dec_27,5.093857196660746e-4,3.303811911113413e-5
tqwt_max_value_dec_28,5.084386845482481e-4,4.1437166646762155e-5
app_tkeo_std_5_coef,5.022858569308224e-4,3.369881938761486e-5
tqwt_max_value_dec_25,4.991671485888503e-4,2.7483861145591e-5
gne_nsr_tkeo,4.980993949660637e-4,3.66749331816788e-5
tqwt_max_value_dec_15,4.969990165290552e-4,4.313789757023236e-5
tqwt_entropy_log_dec_10,4.967415406925571e-4,3.5061018485992646e-5
tqwt_skewness_value_dec_1,4.934892035547006e-4,4.163846607841653e-5
app_lt_entropy_shannon_5_coef,4.910394312607335e-4,4.021403380592889e-5
tqwt_max_value_dec_35,4.901401453185813e-4,2.835363503655127e-5
tqwt_tkeo_mean_dec_28,4.894321207113278e-4,4.0958627781619986e-5
tqwt_tkeo_mean_dec_15,4.892328328416093e-4,2.6547243903574975e-5
tqwt_min_value_dec_20,4.886857058183753e-4,4.4441096158169254e-5
tqwt_mean_value_dec_27,4.882514677984624e-4,3.3752447324856327e-05
tqwt_mean_value_dec_29,4.8674731523703786e-4,4.770398086465644e-5
tqwt_skewness_value_dec_35,4.8618252155007e-4,3.192453219229614e-5
f2,4.8291255473965834e-4,3.2015318489366625e-5
tqwt_mean_value_dec_25,4.822773455223064e-4,4.206250646661428e-5
tqwt_skewness_value_dec_10,4.822307659443187e-4,4.4476399749270346e-5
det_entropy_log_2_coef,4.82073912436107e-4,3.914804494986235e-5
tqwt_median_value_dec_15,4.809296538947713e-4,3.4985168315344706e-5
tqwt_energy_dec_24,4.7995562102366653e-4,2.770229995278537e-5
tqwt_mean_value_dec_22,4.782081143391458e-4,5.7686974676171535e-5
tqwt_entropy_log_dec_3,4.755363201110831e-4,4.0362847588094014e-5
mean_delta_delta_log_energy,4.7014256193325795e-4,4.967129866383983e-5
tqwt_tkeo_std_dec_8,4.701023357066662e-4,5.0511202997433375e-5
det_tkeo_mean_10_coef,4.69499453943169e-4,2.996034513113761e-5
tqwt_median_value_dec_27,4.686546732557186e-4,2.9008659859053158e-5
tqwt_max_value_dec_1,4.6861624120663446e-4,3.711875482544516e-5
tqwt_mean_value_dec_10,4.6766870450676886e-4,4.4099002870202474e-5
tqwt_tkeo_std_dec_35,4.66320160813119e-4,3.334059479347877e-5
tqwt_kurtosis_value_dec_9,4.6335006381879277e-4,4.6460508852289195e-5
app_entropy_shannon_9_coef,4.6151528457055523e-4,2.2519290056200384e-5
tqwt_min_value_dec_31,4.584888399429885e-4,3.792038962951966e-5
tqwt_mean_value_dec_31,4.578135927442307e-4,4.798184470811895e-5
tqwt_mean_value_dec_6,4.5718077898798405e-4,4.9596333585787293e-05
tqwt_median_value_dec_8,4.5384895512845394e-4,3.4615240392029606e-5
tqwt_kurtosis_value_dec_15,4.526466805420318e-4,3.113110070883309e-5
tqwt_mean_value_dec_35,4.516216132987338e-4,5.153268151798189e-5
vfer_snr_tkeo,4.509118071893553e-4,3.3721407699804585e-5
app_det_tkeo_mean_2_coef,4.492715087462175e-4,2.5633106896753497e-5
tqwt_skewness_value_dec_36,4.481053666303427e-4,4.6969560738890295e-5
tqwt_entropy_shannon_dec_31,4.480744501183851e-4,4.141774411000938e-5
tqwt_skewness_value_dec_29,4.453383166063656e-4,5.481258044137177e-5
tqwt_kurtosis_value_dec_1,4.4296439603583646e-4,4.904546012533275e-5
std_1st_delta_delta,4.4274129167827064e-4,4.3939908504292935e-5
dda_shimmer,4.424931274790632e-4,3.167500658625688e-5
det_tkeo_mean_6_coef,4.4193202061788904e-4,3.797157275472251e-5
tqwt_max_value_dec_20,4.389177946165184e-4,3.148731257371054e-5
tqwt_min_value_dec_15,4.374235398249403e-4,4.13393645292614e-5
tqwt_min_value_dec_35,4.3643072960984896e-4,5.0227460368915344e-5
tqwt_min_value_dec_5,4.351580767344815e-4,2.9746439732168538e-5
tqwt_entropy_log_dec_22,4.3408713559432314e-4,3.0454061948602904e-5
tqwt_max_value_dec_3,4.340457163471231e-4,3.1470258034458596e-5
app_entropy_log_8_coef,4.340063081329206e-4,2.3615910472501476e-5
tqwt_entropy_shannon_dec_18,4.323811362008907e-4,2.5625460961141825e-5
tqwt_skewness_value_dec_12,4.315763624093654e-4,4.0121383280060384e-5
app_lt_tkeo_std_3_coef,4.300931820908726e-4,3.0643780391529845e-5
tqwt_min_value_dec_33,4.2785457301737365e-4,3.630875469123209e-5
det_lt_tkeo_mean_3_coef,4.270390758397942e-4,3.0411608412568634e-5
imf_snr_tkeo,4.2640697705467745e-4,2.883369086499357e-5
tqwt_median_value_dec_23,4.26114538320451e-4,3.2362309510738754e-5
tqwt_skewness_value_dec_31,4.242731324924933e-4,3.808510257363562e-5
tqwt_mean_value_dec_4,4.2087686436071255e-4,3.868384753036839e-5
tqwt_mean_value_dec_8,4.196415063952396e-4,3.2139425734147045e-5
ed2_2_coef,4.1902227803350666e-4,3.409327859437216e-5
tqwt_max_value_dec_8,4.166881497104098e-4,4.9825438232745704e-5
det_entropy_shannon_3_coef,4.157773082595754e-4,3.4618911613850515e-5
tqwt_skewness_value_dec_34,4.1569630250136636e-4,2.9177584127471187e-5
tqwt_mean_value_dec_26,4.089878397199763e-4,3.1372924971406655e-5
tqwt_min_value_dec_28,4.0833612173954426e-4,4.005264878526918e-5
tqwt_entropy_log_dec_5,4.0780099331741226e-4,2.2942118546834016e-5
tqwt_mean_value_dec_33,4.069600918530535e-4,4.090061827009958e-5
tqwt_tkeo_mean_dec_23,4.04371754394747e-4,4.050277665263614e-5
tqwt_energy_dec_17,4.0385072914553223e-4,2.2615423941362277e-5
tqwt_entropy_shannon_dec_24,4.027301707782156e-4,1.9914688238596203e-5
tqwt_entropy_shannon_dec_21,4.026068214565811e-4,3.550178801503722e-5
tqwt_min_value_dec_36,4.018706340740452e-4,2.5213563567107163e-5
mean_mfcc_0th_coef,4.0176537436682226e-4,2.8770319541359536e-5
det_tkeo_mean_3_coef,4.009244215780029e-4,2.8783969400121677e-5
tqwt_std_value_dec_20,3.997479358340173e-4,2.5573435827387977e-5
tqwt_entropy_shannon_dec_30,3.989725691067301e-4,3.3921624313112366e-5
det_lt_tkeo_mean_6_coef,3.9716424271340437e-4,3.9622974036164294e-5
tqwt_skewness_value_dec_30,3.967306880153219e-4,1.6547070950884015e-5
app_entropy_log_10_coef,3.9629089118524153e-4,2.9115218899596035e-5
det_lt_tkeo_mean_2_coef,3.961805996237038e-4,2.445518393799636e-5
tqwt_energy_dec_8,3.9590609133774896e-4,3.739404003136695e-5
tqwt_entropy_log_dec_30,3.9464962690801645e-4,3.315046276443682e-5
app_lt_entropy_shannon_10_coef,3.931402059910022e-4,2.0354514277349552e-5
tqwt_skewness_value_dec_2,3.920957267044807e-4,3.8446687706848585e-5
tqwt_median_value_dec_32,3.916943062711057e-4,2.7529947794539318e-5
tqwt_energy_dec_23,3.905883024900177e-4,2.366042390687211e-5
tqwt_energy_dec_32,3.899858225421542e-4,2.4890843122026358e-5
tqwt_mean_value_dec_28,3.895740543053866e-4,4.6596869074638297e-5
tqwt_tkeo_mean_dec_24,3.8928930149177964e-4,2.6765153008039776e-5
tqwt_energy_dec_31,3.8602282568453504e-4,2.4409888902712494e-5
app_lt_entropy_log_7_coef,3.84903354469046e-4,2.522444049387687e-5
std_delta_delta_0th,3.8486493875540474e-4,3.5260170362952354e-5
tqwt_median_value_dec_17,3.8459435177989887e-4,2.8337360088601176e-5
ed2_5_coef,3.840110493301526e-4,4.481526777590497e-5
tqwt_min_value_dec_2,3.817099683180632e-4,1.8881422999298106e-5
tqwt_max_value_dec_9,3.799055262971036e-4,2.9073256969727914e-5
tqwt_std_value_dec_29,3.768094817643491e-4,3.132401078521057e-5
app_lt_tkeo_std_1_coef,3.757058283869126e-4,2.0920071849658933e-5
app_tkeo_std_3_coef,3.743679085031105e-4,2.9872992003489262e-5
tqwt_tkeo_mean_dec_21,3.7428216744003496e-4,2.7714243328619694e-5
tqwt_tkeo_mean_dec_3,3.733307659567112e-4,3.136775616856842e-5
tqwt_tkeo_std_dec_25,3.72124569183621e-4,3.295014266183812e-5
tqwt_mean_value_dec_3,3.708984178516215e-4,4.5656627313425196e-5
app_tkeo_std_8_coef,3.7007076941744855e-4,3.088495066678883e-5
det_entropy_log_3_coef,3.6889005162608635e-4,2.360520892272486e-5
tqwt_energy_dec_20,3.6878200415617807e-4,2.8843889004313824e-5
app_tkeo_std_7_coef,3.687752851761893e-4,2.7733161486173084e-5
app_entropy_log_6_coef,3.683150171822213e-4,2.4949416729725907e-5
tqwt_skewness_value_dec_19,3.680695482041368e-4,2.7330009217348043e-5
std_mfcc_9th_coef,3.680148063006544e-4,3.126239946869524e-5
tqwt_max_value_dec_31,3.647232713702973e-4,5.172259094304629e-5
tqwt_entropy_shannon_dec_10,3.6416249593971574e-4,2.8457811278180898e-5
gq_prc5_95,3.6330092324341124e-4,4.177629159554611e-5
tqwt_skewness_value_dec_14,3.63219299659407e-4,4.546804242610434e-5
tqwt_kurtosis_value_dec_19,3.60988006576749e-4,3.2323222804326775e-5
std_mfcc_11th_coef,3.6097119825509184e-4,2.6013959438358825e-5
app_lt_entropy_shannon_7_coef,3.5932985259345696e-4,2.5108652353082846e-5
tqwt_entropy_shannon_dec_15,3.5716484529798545e-4,2.662991242799991e-5
tqwt_tkeo_std_dec_1,3.5685645866423155e-4,1.9935671071887422e-5
app_lt_entropy_shannon_8_coef,3.5575316010767874e-4,1.9168774285879756e-5
tqwt_median_value_dec_14,3.5558717084828705e-4,4.834041294271414e-5
tqwt_mean_value_dec_21,3.5557559727228074e-4,3.181659320817636e-5
det_lt_entropy_shannon_6_coef,3.5333735610871577e-4,3.1079187295717284e-5
tqwt_kurtosis_value_dec_13,3.5266782953755863e-4,3.011329257034239e-5
mean_1st_delta,3.5247504505079734e-4,2.7588741977780016e-5
tqwt_entropy_log_dec_23,3.5076768359506335e-4,2.6418132714605554e-5
std_0th_delta,3.4972463149831364e-4,2.8824981369631206e-5
vfer_nsr_tkeo,3.489148516090688e-4,3.4325254848618677e-05
vfer_mean,3.488803813306501e-4,2.715543511623087e-5
tqwt_std_value_dec_21,3.479434650782405e-4,2.5905400881894107e-5
tqwt_max_value_dec_16,3.459556097283118e-4,3.051179854901484e-5
tqwt_entropy_log_dec_6,3.452203897058211e-4,2.8006957412716834e-5
tqwt_min_value_dec_4,3.4513888312996677e-4,3.449347364947807e-5
tqwt_skewness_value_dec_20,3.439697470430718e-4,4.618007560215822e-5
det_lt_entropy_log_4_coef,3.4283785605814166e-4,3.1723820114373616e-5
det_entropy_log_8_coef,3.4280608042150585e-4,2.909025988669814e-5
tqwt_min_value_dec_21,3.421833919590742e-4,2.6566517958114685e-5
tqwt_median_value_dec_24,3.4065002269600833e-4,3.423703470180317e-5
mean_10th_delta_delta,3.351180701531135e-4,3.180053740253412e-5
mean_6th_delta,3.332877254714569e-4,3.348823619920243e-5
tqwt_energy_dec_10,3.297649381599157e-4,3.42060117750435e-5
mean_3rd_delta,3.2851943214492037e-4,4.4487996093093116e-5
app_lt_tkeo_std_2_coef,3.253589027909027e-4,2.5550551085055896e-5
tqwt_max_value_dec_21,3.248957087976591e-4,2.9335750241234324e-5
tqwt_mean_value_dec_1,3.2333604767151037e-4,3.003322920828972e-5
tqwt_energy_dec_36,3.232411656162442e-4,2.8780876021322596e-5
tqwt_tkeo_std_dec_2,3.2273252155001433e-4,2.509409159579428e-5
tqwt_tkeo_std_dec_36,3.2225042217442254e-4,2.6067165583917457e-5
tqwt_max_value_dec_24,3.219708434928075e-4,2.085012383722313e-5
std_3rd_delta,3.207187821025133e-4,2.8350690857187597e-5
tqwt_energy_dec_19,3.199523673911899e-4,2.2672742752458143e-5
tqwt_std_value_dec_3,3.1847625869361887e-4,2.9895279954106637e-5
tqwt_mean_value_dec_14,3.1811839251235876e-4,3.0800453382905434e-5
mean_delta_log_energy,3.175479238223163e-4,2.4745070540747276e-5
tqwt_min_value_dec_1,3.16187662288993e-4,3.153787639524007e-5
det_tkeo_std_2_coef,3.156242978294639e-4,2.7305710854717446e-5
tqwt_energy_dec_21,3.15484255976771e-4,2.2954914210110833e-5
app_entropy_shannon_10_coef,3.1514749742997064e-4,1.812057576000692e-5
tqwt_median_value_dec_10,3.149913557990403e-4,2.6064932477609525e-5
tqwt_skewness_value_dec_22,3.110624921730842e-4,2.5735174997378168e-5
det_lt_entropy_log_2_coef,3.1103856902823417e-4,2.3126218027521518e-5
tqwt_min_value_dec_3,3.0935675228007097e-4,3.0615893572284855e-5
tqwt_median_value_dec_11,3.085236229305362e-4,3.743881645398244e-5
mean_9th_delta,3.078049745281336e-4,3.4875683449043765e-5
tqwt_median_value_dec_4,3.074565059013528e-4,2.542256328982281e-5
tqwt_entropy_log_dec_24,3.039254026838121e-4,2.0818317921124105e-5
tqwt_tkeo_std_dec_10,3.0367202806316047e-4,3.608823990825566e-5
det_lt_tkeo_std_5_coef,0.00030242815987578133,2.175168958024165e-5
ed_2_coef,3.017557474585581e-4,3.3497409361667165e-5
tqwt_energy_dec_29,3.012530205582218e-4,2.622789364350287e-5
vfer_std,3.001783933071727e-4,2.345115616321512e-5
tqwt_kurtosis_value_dec_3,2.992248647271325e-4,2.0402810003686892e-5
tqwt_median_value_dec_5,2.9759648339114706e-4,1.996685301004889e-5
tqwt_max_value_dec_30,2.9728549348843295e-4,2.870467226078752e-5
det_entropy_log_4_coef,2.9691079808473334e-4,3.780111089027604e-5
std_mfcc_5th_coef,2.9611038223664797e-4,3.0263822686698423e-5
tqwt_min_value_dec_24,2.944769038963029e-4,4.019742370758681e-5
mean_12th_delta_delta,2.9391200274981623e-4,3.2020850951535116e-5
app_tkeo_std_1_coef,2.909489368143026e-4,2.521729013363284e-5
tqwt_energy_dec_4,2.9061600435198584e-4,3.485700732138713e-5
det_tkeo_mean_5_coef,2.8910294107985105e-4,3.07197691296528e-5
mean_1st_delta_delta,2.8825266459277113e-4,2.451807607955339e-5
tqwt_skewness_value_dec_16,2.8682532128807204e-4,3.015087862975706e-5
tqwt_max_value_dec_23,2.8682127245875194e-4,2.449842027384933e-5
tqwt_entropy_log_dec_2,2.864021844612529e-4,2.2442075699802837e-5
tqwt_median_value_dec_21,2.8560447193773044e-4,2.6250862184127564e-5
ed_8_coef,2.8496143502438844e-4,2.679601771840258e-5
det_lt_tkeo_mean_8_coef,2.832626405168701e-4,2.9387324681170508e-5
mean_mfcc_8th_coef,2.826189730731198e-4,2.5093477012027468e-5
tqwt_tkeo_std_dec_32,2.8129527403384145e-4,2.9656394182592453e-5
tqwt_skewness_value_dec_21,2.798725317753028e-4,1.6561104948298234e-5
imf_nsr_seo,2.793809596642975e-4,2.840378227841651e-5
det_entropy_shannon_10_coef,2.790117617184023e-4,2.697634024282621e-5
det_lt_entropy_log_8_coef,2.7737011715947427e-4,2.6930173464695846e-5
tqwt_kurtosis_value_dec_4,2.771180668887209e-4,3.0260907916797846e-5
tqwt_skewness_value_dec_33,2.762471512101568e-4,2.9077794803907215e-5
tqwt_tkeo_mean_dec_10,2.7506734880176377e-4,2.2858140866668438e-5
det_lt_tkeo_mean_4_coef,2.743518547945738e-4,3.6740458321298906e-5
tqwt_std_value_dec_10,2.72697339746135e-4,2.8573372939440644e-5
tqwt_tkeo_std_dec_21,2.719579387066097e-4,2.654837446204762e-5
ed_6_coef,2.685587980737745e-4,2.7149045774356934e-5
tqwt_median_value_dec_6,2.6726784178288966e-4,2.12527326955901e-5
mean_11th_delta,2.664300586395351e-4,3.4849870474086554e-5
tqwt_tkeo_std_dec_23,2.6389015271112757e-4,2.4237074874421037e-5
tqwt_tkeo_mean_dec_30,2.630910759578303e-4,2.8174485857728112e-5
imf_nsr_entropy,2.6193384823265794e-4,2.468740082350398e-5
tqwt_tkeo_std_dec_24,2.6063987375340726e-4,2.8512062055861664e-5
det_tkeo_mean_2_coef,2.606193543994069e-4,3.087455077613457e-5
tqwt_entropy_shannon_dec_4,2.585793557083882e-4,2.0151446005496198e-5
ed2_8_coef,2.584182209317527e-4,2.856965210763647e-5
det_lt_tkeo_mean_7_coef,2.5667478008188437e-4,2.7568877955689704e-5
mean_mfcc_11th_coef,2.5632895690037784e-4,2.288493111644884e-5
det_lt_entropy_shannon_7_coef,2.5610246031627e-4,3.1298682705733035e-5
mean_mfcc_9th_coef,2.552091950232333e-4,3.1332579834690784e-5
tqwt_median_value_dec_18,2.541266570295921e-4,2.2146466572812847e-5
tqwt_entropy_log_dec_36,2.533342978538017e-4,2.0833234944896046e-5
det_entropy_shannon_2_coef,2.5316613497305236e-4,2.018281819819772e-5
ed2_4_coef,2.505830759456843e-4,2.167587921248978e-5
mean_7th_delta,2.464980947195177e-4,2.3212336631408635e-5
tqwt_max_value_dec_22,2.457015669724851e-4,2.3140863818120246e-5
tqwt_mean_value_dec_23,2.4545385828861875e-4,2.2252350349177264e-5
tqwt_skewness_value_dec_13,2.453389316482708e-4,2.457681321941994e-5
tqwt_std_value_dec_22,2.4416777947283827e-4,1.8867542181879075e-5
ed2_6_coef,2.434685638293919e-4,2.5718684583003638e-5
mean_4th_delta_delta,2.4307144155806206e-4,2.4689569092533145e-5
det_lt_tkeo_std_2_coef,2.4239288495352514e-4,2.4913169698838003e-5
tqwt_max_value_dec_2,2.4193119678509232e-4,1.961600979101708e-5
tqwt_mean_value_dec_2,2.4188155122584342e-4,3.1343322594020305e-5
tqwt_energy_dec_9,2.4175506737625428e-4,2.1617502914073406e-5
det_tkeo_std_7_coef,2.412887433340169e-4,1.924360179761248e-5
det_tkeo_std_4_coef,2.403973459706245e-4,2.307244014714356e-5
det_entropy_log_6_coef,2.401297818433873e-4,2.646187279464895e-5
ed_7_coef,2.368423367027553e-4,2.1851174075324686e-5
mean_9th_delta_delta,2.361826144019501e-4,2.4676883834427753e-5
tqwt_mean_value_dec_20,2.3591908717897678e-4,2.4014073233767748e-5
tqwt_entropy_log_dec_4,2.358066285595329e-4,2.6725744647646746e-5
tqwt_kurtosis_value_dec_10,2.3489147814543228e-4,2.990477004977808e-5
det_lt_tkeo_mean_5_coef,2.345059013340946e-4,2.6487794468540382e-5
mean_7th_delta_delta,2.3339250288165655e-4,2.8401313281224572e-5
tqwt_tkeo_std_dec_3,2.3209941137360002e-4,2.7433379131602066e-5
mean_6th_delta_delta,2.313149543762741e-4,2.287098607508138e-5
tqwt_median_value_dec_1,2.3125916944398417e-4,2.5398549947359102e-5
tqwt_kurtosis_value_dec_11,2.3111602868468572e-4,2.7550062355715256e-5
tqwt_tkeo_std_dec_29,2.3045293118993736e-4,3.161420975061561e-5
tqwt_median_value_dec_20,2.3022731913570745e-4,3.240848493475352e-5
tqwt_energy_dec_3,2.288672482283965e-4,2.2265833681200237e-5
det_lt_entropy_shannon_4_coef,2.2874390170174517e-4,2.7799075783236633e-5
tqwt_energy_dec_22,2.2871307200911305e-4,2.800177858399327e-5
tqwt_entropy_shannon_dec_2,2.2862236252850764e-4,2.4058346657032668e-5
ed_4_coef,2.282193908432147e-4,2.1118243668632787e-5
det_lt_entropy_shannon_8_coef,2.2792250956957843e-4,2.0280353713837956e-5
tqwt_median_value_dec_9,2.273966252284848e-4,1.7675672066109598e-5
tqwt_kurtosis_value_dec_2,2.2673600833148153e-4,2.6681948956022483e-5
mean_8th_delta_delta,2.2670837516418945e-4,2.309171178486753e-5
det_entropy_log_9_coef,2.2623479905044727e-4,1.8299911823686907e-5
mean_8th_delta,2.2559841242155207e-4,2.043876526587058e-5
mean_3rd_delta_delta,2.250768472770891e-4,2.9265626214892605e-5
tqwt_median_value_dec_26,2.2506155767145327e-4,2.9240263940198268e-5
ed_9_coef,2.2472884802207595e-4,1.6226889797003612e-5
det_lt_tkeo_std_4_coef,2.2452010883019803e-4,1.8039604863867643e-5
mean_11th_delta_delta,2.2349153886455707e-4,2.134634322899967e-5
tqwt_mean_value_dec_24,2.2297621079182288e-4,2.4011493812936618e-5
gq_std_cycle_closed,2.1696139990647992e-4,2.2505185279864888e-5
det_lt_entropy_shannon_5_coef,2.1176814162413016e-4,2.5103180094510685e-5
tqwt_tkeo_mean_dec_29,2.1160084115896021e-4,1.7902912824347688e-5
tqwt_energy_dec_2,2.109792890542085e-4,1.7676199653414066e-5
det_lt_tkeo_std_10_coef,2.095292740739771e-4,2.4786336892667598e-5
det_entropy_shannon_5_coef,2.084436160804452e-4,1.9330200604770482e-5
tqwt_max_value_dec_29,2.084223587892752e-4,1.7812136835749344e-5
tqwt_min_value_dec_23,2.054287695337881e-4,2.009511403801244e-5
tqwt_median_value_dec_29,2.0529821773738492e-4,2.2881953391004456e-5
det_lt_entropy_log_5_coef,2.0464997178179907e-4,1.611772636198496e-5
ed_5_coef,2.0443367796101e-4,2.0631056691696076e-5
det_tkeo_std_8_coef,2.030628562553879e-4,1.789275329667789e-5
tqwt_entropy_log_dec_20,2.0294237877437854e-4,2.1030255699127125e-5
tqwt_min_value_dec_32,2.0223035710071705e-4,2.412795196981102e-5
tqwt_min_value_dec_22,2.0214962322845232e-4,1.9804587447979068e-5
tqwt_tkeo_std_dec_22,0.00020199665122913602,1.4992771218985717e-5
tqwt_entropy_log_dec_21,2.0181357563094215e-4,2.0058948262601525e-5
det_entropy_log_5_coef,2.0167839730908323e-4,1.1210455023319819e-5
tqwt_tkeo_mean_dec_2,2.0074780292219017e-4,1.444008021884346e-5
tqwt_skewness_value_dec_7,2.0063351422291393e-4,2.8589995329653556e-5
det_lt_tkeo_mean_9_coef,2.000402969500491e-4,2.3455981831124654e-5
det_lt_entropy_shannon_10_coef,1.9839809986039948e-4,2.6594475123264154e-5
det_lt_tkeo_mean_10_coef,1.9751627857363384e-4,2.0044462929241466e-5
tqwt_max_value_dec_4,1.9693708093164783e-4,2.2197838014123102e-5
tqwt_tkeo_std_dec_20,1.9600730564248687e-4,1.9588244880712492e-5
std_mfcc_0th_coef,1.9584340234121106e-4,1.6199029495586155e-5
mean_4th_delta,1.9477404494141177e-4,2.2309570325325997e-5
det_entropy_shannon_4_coef,1.9466823998260226e-4,1.7977282002281435e-5
tqwt_skewness_value_dec_32,1.942703900696099e-4,1.807543365639478e-5
tqwt_tkeo_mean_dec_4,1.9386976469069564e-4,1.8943816694199296e-5
tqwt_min_value_dec_16,1.9307726388884645e-4,1.8421033106481927e-5
mean_10th_delta,1.9202350339085825e-4,1.620813676718358e-5
app_det_tkeo_mean_6_coef,1.9002072773608607e-4,1.3092226888990212e-5
tqwt_median_value_dec_30,1.8707878199723937e-4,1.9481648760966713e-5
ed2_9_coef,1.8700512094156234e-4,2.632457179052257e-5
det_lt_entropy_shannon_9_coef,1.8695408991592169e-4,1.4755089589020481e-5
tqwt_mean_value_dec_15,1.8617878278349325e-4,1.9194225715536407e-5
det_entropy_log_7_coef,1.8486036657313392e-4,1.7957684933046807e-5
det_lt_entropy_log_7_coef,1.844764481503365e-4,2.1492299460333657e-5
tqwt_entropy_shannon_dec_23,1.8352206407586908e-4,1.7006582384779887e-5
det_tkeo_std_5_coef,1.80482158118056e-4,1.4981777961462184e-5
tqwt_tkeo_std_dec_4,1.790609516658408e-4,1.8751265984538293e-5
det_tkeo_mean_9_coef,1.7872231417566387e-4,1.8385912824263393e-5
tqwt_tkeo_std_dec_30,1.7782469906251725e-4,1.720641815951294e-5
det_entropy_shannon_7_coef,1.7707117719475775e-4,1.8191638759943274e-5
det_lt_entropy_log_9_coef,1.768874062590184e-4,1.9659148229613323e-5
tqwt_skewness_value_dec_6,1.7601061451543945e-4,2.3727883852640455e-5
tqwt_kurtosis_value_dec_5,1.756917156578395e-4,1.9476765953572925e-5
ed2_10_coef,1.749152372693117e-4,1.81563083103296e-5
det_entropy_shannon_8_coef,1.70345118085315e-4,1.71327312583397e-5
tqwt_tkeo_mean_dec_20,1.703437464244752e-4,1.8038371162602435e-5
mean_delta_delta_0th,1.6857640028111677e-4,2.169889517849397e-5
det_entropy_shannon_6_coef,1.6809514431190473e-4,2.087720416256848e-5
mean_5th_delta_delta,1.664106868308651e-4,1.8064327592577426e-5
det_lt_tkeo_std_9_coef,1.653894558912876e-4,1.5019265125016858e-5
det_tkeo_std_6_coef,1.6479006170373338e-4,1.7332201681655042e-5
det_lt_entropy_log_10_coef,1.64610999671679e-4,2.0823446345212493e-5
det_lt_tkeo_std_6_coef,1.6420010883109353e-4,2.517817741375812e-5
tqwt_std_value_dec_24,1.641849387337816e-4,1.7654654406448953e-5
tqwt_mean_value_dec_30,1.629268434171018e-4,2.042238758186659e-5
tqwt_std_value_dec_30,1.6251345941362325e-4,1.85048826502793e-5
tqwt_min_value_dec_30,1.5909381719346471e-4,2.1375922671712147e-5
det_lt_entropy_log_6_coef,1.5765660116988443e-4,1.9767629368948998e-5
tqwt_skewness_value_dec_18,1.5460304135947258e-4,2.056795539120862e-5
tqwt_max_value_dec_32,1.5391790547620207e-4,2.1503949889932123e-5
tqwt_kurtosis_value_dec_8,1.5382968175861402e-4,2.4709497677517476e-5
mean_2nd_delta_delta,1.5258687334058257e-4,2.384592441567039e-5
ed_10_coef,1.5009594025417104e-4,1.7240334533193418e-5
det_tkeo_std_9_coef,1.4791308168370364e-4,2.1219806668072168e-5
det_tkeo_mean_7_coef,1.4235818806976265e-4,2.583193990151677e-5
tqwt_std_value_dec_4,1.4157390111885348e-4,1.6119583435417914e-5
tqwt_kurtosis_value_dec_6,1.3959274489353364e-4,2.3816889451283385e-5
tqwt_tkeo_mean_dec_22,1.3908991561107338e-4,1.4385274123167733e-5
ed2_7_coef,1.386863421964758e-4,2.219435611410617e-5
tqwt_median_value_dec_2,1.374397868949154e-4,1.244943092423562e-5
det_entropy_shannon_1_coef,1.3369746914867898e-4,1.6315431076540802e-5
tqwt_std_value_dec_23,1.3078023305031084e-4,1.5443527116756698e-5
det_entropy_log_10_coef,1.276706307679356e-4,1.9210084229782953e-5
det_lt_tkeo_std_8_coef,1.2760420776405934e-4,1.6997092624112058e-5
tqwt_skewness_value_dec_5,1.2690994458885467e-4,1.166703514989998e-5
tqwt_skewness_value_dec_4,1.2659387263840293e-4,1.8933496723975347e-5
det_tkeo_mean_4_coef,1.216487044452746e-4,1.770277722365181e-5
tqwt_min_value_dec_29,1.2081168635306014e-4,1.5017109002797875e-5
det_lt_tkeo_std_7_coef,1.1915975630446314e-4,1.6512359145803392e-5
tqwt_entropy_shannon_dec_3,1.1405973581261555e-4,1.7452972588544696e-5
ea,1.115747022199778e-4,1.4497977436764018e-5
det_tkeo_std_10_coef,1.1110594655976533e-4,1.2271336153235008e-5
det_entropy_shannon_9_coef,1.1010178529407713e-4,2.013249169910016e-5
ea2,9.567513952161921e-5,1.4647803980836001e-5
det_lt_entropy_shannon_2_coef,9.255148772987591e-5,1.4010534775693224e-5
det_tkeo_mean_8_coef,8.480122180703909e-5,1.3262182013392882e-5
